<?xml version="1.0" encoding="utf-8"?>
<ApplicationInstallerManifest>
   <DefaultInstallationDirectory>%ProgramFiles%\audioeditor\</DefaultInstallationDirectory>
   <ApplicationName>audioeditor</ApplicationName>
   <ExecutableName>application\ </ExecutableName>
   <GUID>1e581e67-7c81-4f83-ae3f-893b09f5771d</GUID>
   <ApplicationIcon>default_icon_48.png</ApplicationIcon>
   <Logo>default_logo.png</Logo>
   <Version>1.0</Version>
   <AddRemoveProgramIcon>application\default_icon.ico</AddRemoveProgramIcon>
   <WelcomePanelText>audioeditor 1.0
L�via Qian</WelcomePanelText>
   <MCRProducts>
      <MCRProduct>
         <ExternalProductIdentifier>35000</ExternalProductIdentifier>
      </MCRProduct>
      <MCRProduct>
         <ExternalProductIdentifier>35010</ExternalProductIdentifier>
      </MCRProduct>
   </MCRProducts>
</ApplicationInstallerManifest>